{"file_name":"top","texture_size":[64,64],"textures":{"eaa756e6-dd54-2558-72a8-4f591732c1f5":"ModelEngine:entity/ghastling"},"elements":[{"name":"cube","from":[4.1,11.96,0.19999981],"to":[11.900001,11.96,8],"rotation":{"angle":0,"axis":"x","origin":[8.3,11.96,4.3999996]},"faces":{"down":{"uv":[3.25,0,6.5,3.25],"rotation":0,"texture":"#eaa756e6-dd54-2558-72a8-4f591732c1f5","tintindex":0},"east":{"uv":[0,0,3.25,0],"rotation":0,"texture":"#eaa756e6-dd54-2558-72a8-4f591732c1f5","tintindex":0},"north":{"uv":[0,0,3.25,0],"rotation":0,"texture":"#eaa756e6-dd54-2558-72a8-4f591732c1f5","tintindex":0},"south":{"uv":[0,0,3.25,0],"rotation":0,"texture":"#eaa756e6-dd54-2558-72a8-4f591732c1f5","tintindex":0},"up":{"uv":[6.5,6.5,3.25,3.25],"rotation":0,"texture":"#eaa756e6-dd54-2558-72a8-4f591732c1f5","tintindex":0},"west":{"uv":[0,0,3.25,0],"rotation":0,"texture":"#eaa756e6-dd54-2558-72a8-4f591732c1f5","tintindex":0}}},{"name":"cube","from":[11.900001,7.16,0.19999981],"to":[11.900001,11.96,8],"rotation":{"angle":0,"axis":"x","origin":[7.7,12.56,4.3999996]},"faces":{"down":{"uv":[0,0,0,3.25],"rotation":0,"texture":"#eaa756e6-dd54-2558-72a8-4f591732c1f5","tintindex":0},"east":{"uv":[9.75,10,13,12],"rotation":0,"texture":"#eaa756e6-dd54-2558-72a8-4f591732c1f5","tintindex":0},"north":{"uv":[0,0,0,2.25],"rotation":0,"texture":"#eaa756e6-dd54-2558-72a8-4f591732c1f5","tintindex":0},"south":{"uv":[0,0,0,2.25],"rotation":0,"texture":"#eaa756e6-dd54-2558-72a8-4f591732c1f5","tintindex":0},"up":{"uv":[0,3.25,0,0],"rotation":0,"texture":"#eaa756e6-dd54-2558-72a8-4f591732c1f5","tintindex":0},"west":{"uv":[9.75,0,13,2.25],"rotation":0,"texture":"#eaa756e6-dd54-2558-72a8-4f591732c1f5","tintindex":0}}},{"name":"cube","from":[4.1,7.16,0.19999981],"to":[4.1,11.96,8],"rotation":{"angle":0,"axis":"x","origin":[-0.10000038,12.56,4.3999996]},"faces":{"down":{"uv":[0,0,0,3.25],"rotation":0,"texture":"#eaa756e6-dd54-2558-72a8-4f591732c1f5","tintindex":0},"east":{"uv":[9.75,2.25,13,4.5],"rotation":0,"texture":"#eaa756e6-dd54-2558-72a8-4f591732c1f5","tintindex":0},"north":{"uv":[0,0,0,2.25],"rotation":0,"texture":"#eaa756e6-dd54-2558-72a8-4f591732c1f5","tintindex":0},"south":{"uv":[0,0,0,2.25],"rotation":0,"texture":"#eaa756e6-dd54-2558-72a8-4f591732c1f5","tintindex":0},"up":{"uv":[0,3.25,0,0],"rotation":0,"texture":"#eaa756e6-dd54-2558-72a8-4f591732c1f5","tintindex":0},"west":{"uv":[9.75,4.75,13,6.75],"rotation":0,"texture":"#eaa756e6-dd54-2558-72a8-4f591732c1f5","tintindex":0}}},{"name":"cube","from":[4.1,7.16,0.19999981],"to":[11.900001,11.96,0.19999981],"rotation":{"angle":0,"axis":"x","origin":[2.8999999,12.56,4.3999996]},"faces":{"down":{"uv":[0,0,3.25,0],"rotation":0,"texture":"#eaa756e6-dd54-2558-72a8-4f591732c1f5","tintindex":0},"east":{"uv":[0,0,0,2.25],"rotation":0,"texture":"#eaa756e6-dd54-2558-72a8-4f591732c1f5","tintindex":0},"north":{"uv":[9.75,7,13,9],"rotation":0,"texture":"#eaa756e6-dd54-2558-72a8-4f591732c1f5","tintindex":0},"south":{"uv":[0,11,3.25,13.25],"rotation":0,"texture":"#eaa756e6-dd54-2558-72a8-4f591732c1f5","tintindex":0},"up":{"uv":[3.25,0,0,0],"rotation":0,"texture":"#eaa756e6-dd54-2558-72a8-4f591732c1f5","tintindex":0},"west":{"uv":[0,0,0,2.25],"rotation":0,"texture":"#eaa756e6-dd54-2558-72a8-4f591732c1f5","tintindex":0}}},{"name":"cube","from":[4.1,7.16,8],"to":[11.900001,11.96,8],"rotation":{"angle":0,"axis":"x","origin":[2.8999999,12.56,12.2]},"faces":{"down":{"uv":[0,0,3.25,0],"rotation":0,"texture":"#eaa756e6-dd54-2558-72a8-4f591732c1f5","tintindex":0},"east":{"uv":[0,0,0,2.25],"rotation":0,"texture":"#eaa756e6-dd54-2558-72a8-4f591732c1f5","tintindex":0},"north":{"uv":[3.25,11,6.5,13.25],"rotation":0,"texture":"#eaa756e6-dd54-2558-72a8-4f591732c1f5","tintindex":0},"south":{"uv":[6.5,11.25,9.75,13.25],"rotation":0,"texture":"#eaa756e6-dd54-2558-72a8-4f591732c1f5","tintindex":0},"up":{"uv":[3.25,0,0,0],"rotation":0,"texture":"#eaa756e6-dd54-2558-72a8-4f591732c1f5","tintindex":0},"west":{"uv":[0,0,0,2.25],"rotation":0,"texture":"#eaa756e6-dd54-2558-72a8-4f591732c1f5","tintindex":0}}}],"display":{"head":{"translation":[0,-6.4,0],"rotation":[0,0,0],"scale":[3.8095,3.8095,3.8095]},"gui":{"translation":[0,0,0],"rotation":[35,225,0],"scale":[0.625,0.625,0.625]}}}
