{"textures":{"0":"modelengine:entity/lumberjack"},"elements":[{"name":"claw","from":[7.0627165,6.099716,5.7202396],"to":[8.862717,10.899715,8.12024],"rotation":{"angle":0,"axis":"x","origin":[-2.715424,-9.592253,16.65662]},"faces":{"down":{"uv":[10.75,11.625,10.375,12.125],"rotation":0,"texture":"#0","tintindex":0},"east":{"uv":[4.5,10,5,11],"rotation":0,"texture":"#0","tintindex":0},"north":{"uv":[6.25,10.875,6.625,11.875],"rotation":0,"texture":"#0","tintindex":0},"south":{"uv":[6.625,10.875,7,11.875],"rotation":0,"texture":"#0","tintindex":0},"up":{"uv":[8.875,4,8.5,3.5],"rotation":0,"texture":"#0","tintindex":0},"west":{"uv":[10.125,4.125,10.625,5.125],"rotation":0,"texture":"#0","tintindex":0}}},{"name":"claw","from":[4.4928865,8.64023,4.745804],"to":[8.092886,9.840231,5.9458036],"rotation":{"angle":-22.5,"axis":"y","origin":[3.8230224,0.107396364,3.9389415]},"faces":{"down":{"uv":[12.375,5.125,11.625,5.375],"rotation":0,"texture":"#0","tintindex":0},"east":{"uv":[7.625,10,7.875,10.25],"rotation":0,"texture":"#0","tintindex":0},"north":{"uv":[8.75,7.375,9.5,7.625],"rotation":0,"texture":"#0","tintindex":0},"south":{"uv":[9.25,9,10,9.25],"rotation":0,"texture":"#0","tintindex":0},"up":{"uv":[12.375,3,11.625,2.75],"rotation":0,"texture":"#0","tintindex":0},"west":{"uv":[10.125,9.75,10.375,10],"rotation":0,"texture":"#0","tintindex":0}}},{"name":"claw","from":[3.6739042,8.64023,1.2493875],"to":[4.873904,9.840231,6.049388],"rotation":{"angle":0,"axis":"x","origin":[-2.715424,-9.592253,16.65662]},"faces":{"down":{"uv":[2.5,8.875,2.25,9.875],"rotation":0,"texture":"#0","tintindex":0},"east":{"uv":[11,4.875,12,5.125],"rotation":0,"texture":"#0","tintindex":0},"north":{"uv":[4.75,11,5,11.25],"rotation":0,"texture":"#0","tintindex":0},"south":{"uv":[11.875,6.25,12.125,6.5],"rotation":0,"texture":"#0","tintindex":0},"up":{"uv":[2.75,7.875,2.5,6.875],"rotation":0,"texture":"#0","tintindex":0},"west":{"uv":[11.125,3.875,12.125,4.125],"rotation":0,"texture":"#0","tintindex":0}}},{"name":"claw","from":[3.383678,8.64023,1.0435872],"to":[6.983679,9.840231,2.2435873],"rotation":{"angle":22.5,"axis":"y","origin":[4.0461082,0.107396364,0.41696596]},"faces":{"down":{"uv":[12.375,6.75,11.625,7],"rotation":0,"texture":"#0","tintindex":0},"east":{"uv":[11.875,8.375,12.125,8.625],"rotation":0,"texture":"#0","tintindex":0},"north":{"uv":[11.625,5.375,12.375,5.625],"rotation":0,"texture":"#0","tintindex":0},"south":{"uv":[11.625,5.625,12.375,5.875],"rotation":0,"texture":"#0","tintindex":0},"up":{"uv":[12.375,6.75,11.625,6.5],"rotation":0,"texture":"#0","tintindex":0},"west":{"uv":[11.25,12,11.5,12.25],"rotation":0,"texture":"#0","tintindex":0}}},{"name":"claw","from":[6.78983,7.077176,3.7249162],"to":[10.389832,8.277176,4.9249163],"rotation":{"angle":22.5,"axis":"y","origin":[13.829529,-2.2926035,3.9389415]},"faces":{"down":{"uv":[11.5,11.75,10.75,12],"rotation":0,"texture":"#0","tintindex":0},"east":{"uv":[12,0.375,12.25,0.625],"rotation":0,"texture":"#0","tintindex":0},"north":{"uv":[11.625,7.75,12.375,8],"rotation":0,"texture":"#0","tintindex":0},"south":{"uv":[11.625,9,12.375,9.25],"rotation":0,"texture":"#0","tintindex":0},"up":{"uv":[10,12,9.25,11.75],"rotation":0,"texture":"#0","tintindex":0},"west":{"uv":[12,4.875,12.25,5.125],"rotation":0,"texture":"#0","tintindex":0}}},{"name":"claw","from":[9.8289795,7.077176,1.3661779],"to":[11.02898,8.277176,6.1661777],"rotation":{"angle":0,"axis":"x","origin":[-2.715424,-9.592253,16.65662]},"faces":{"down":{"uv":[4.125,11.25,3.875,12.25],"rotation":0,"texture":"#0","tintindex":0},"east":{"uv":[11.25,0.75,12.25,1],"rotation":0,"texture":"#0","tintindex":0},"north":{"uv":[12,9.5,12.25,9.75],"rotation":0,"texture":"#0","tintindex":0},"south":{"uv":[12,9.75,12.25,10],"rotation":0,"texture":"#0","tintindex":0},"up":{"uv":[7.625,11.875,7.375,10.875],"rotation":0,"texture":"#0","tintindex":0},"west":{"uv":[11.25,1,12.25,1.25],"rotation":0,"texture":"#0","tintindex":0}}},{"name":"claw","from":[7.9884267,7.077176,2.2802713],"to":[11.588427,8.277176,3.4802713],"rotation":{"angle":-22.5,"axis":"y","origin":[13.606442,-2.2926035,0.41696596]},"faces":{"down":{"uv":[1,11.875,0.25,12.125],"rotation":0,"texture":"#0","tintindex":0},"east":{"uv":[12,8.625,12.25,8.875],"rotation":0,"texture":"#0","tintindex":0},"north":{"uv":[11.75,4.125,12.5,4.375],"rotation":0,"texture":"#0","tintindex":0},"south":{"uv":[11.75,4.375,12.5,4.625],"rotation":0,"texture":"#0","tintindex":0},"up":{"uv":[12.5,4.875,11.75,4.625],"rotation":0,"texture":"#0","tintindex":0},"west":{"uv":[12,9.25,12.25,9.5],"rotation":0,"texture":"#0","tintindex":0}}}],"display":{"head":{"translation":[0,-6.4,0],"rotation":[0,0,0],"scale":[3.8095,3.8095,3.8095]}}}
