{"textures":{"0":"modelengine:entity/lumberjack"},"elements":[{"name":"leftforearm","from":[5.4561253,3.9968164,4.275716],"to":[9.056126,5.796818,8.475716],"rotation":{"angle":0,"axis":"x","origin":[17.333931,-13.626191,9.663026]},"faces":{"down":{"uv":[8.625,9.375,7.875,10.25],"rotation":0,"texture":"#0","tintindex":0},"east":{"uv":[10.75,5.5,11.625,5.875],"rotation":0,"texture":"#0","tintindex":0},"north":{"uv":[10.75,9.375,11.5,9.75],"rotation":0,"texture":"#0","tintindex":0},"south":{"uv":[11,4.125,11.75,4.5],"rotation":0,"texture":"#0","tintindex":0},"up":{"uv":[10,2.375,9.25,1.5],"rotation":0,"texture":"#0","tintindex":0},"west":{"uv":[10.75,7.25,11.625,7.625],"rotation":0,"texture":"#0","tintindex":0}}},{"name":"leftforearm","from":[5.4561253,3.9968164,-1.1242843],"to":[7.2561255,5.796818,4.275716],"rotation":{"angle":0,"axis":"x","origin":[17.333931,-13.626191,9.663026]},"faces":{"down":{"uv":[10.875,10.5,10.5,11.625],"rotation":0,"texture":"#0","tintindex":0},"east":{"uv":[10.375,0,11.5,0.375],"rotation":0,"texture":"#0","tintindex":0},"north":{"uv":[11.875,1.25,12.25,1.625],"rotation":0,"texture":"#0","tintindex":0},"south":{"uv":[11.875,1.625,12.25,2],"rotation":0,"texture":"#0","tintindex":0},"up":{"uv":[9.25,11.5,8.875,10.375],"rotation":0,"texture":"#0","tintindex":0},"west":{"uv":[10.375,0.375,11.5,0.75],"rotation":0,"texture":"#0","tintindex":0}}},{"name":"leftforearm","from":[7.2561255,5.1968164,6.075716],"to":[8.456126,8.796818,7.875716],"rotation":{"angle":22.5,"axis":"x","origin":[10.204718,4.012045,6.7528343]},"faces":{"down":{"uv":[9.875,12,9.625,12.375],"rotation":0,"texture":"#0","tintindex":0},"east":{"uv":[11.125,3.125,11.5,3.875],"rotation":0,"texture":"#0","tintindex":0},"north":{"uv":[3.5,11.75,3.75,12.5],"rotation":0,"texture":"#0","tintindex":0},"south":{"uv":[4.625,11.75,4.875,12.5],"rotation":0,"texture":"#0","tintindex":0},"up":{"uv":[10.375,8.5,10.125,8.125],"rotation":0,"texture":"#0","tintindex":0},"west":{"uv":[11.125,5.875,11.5,6.625],"rotation":0,"texture":"#0","tintindex":0}}}],"display":{"head":{"translation":[0,-6.4,0],"rotation":[0,0,0],"scale":[3.8095,3.8095,3.8095]}}}
