{"textures":{"0":"modelengine:entity/lumberjack"},"elements":[{"name":"leftfoot","from":[7.1066236,0.4589057,2.1877103],"to":[8.906624,4.6589065,6.3877106],"rotation":{"angle":22.5,"axis":"x","origin":[8.694824,-5.927861,14.418122]},"faces":{"down":{"uv":[10.375,10.875,10,11.75],"rotation":0,"texture":"#0","tintindex":0},"east":{"uv":[8.625,7.625,9.5,8.5],"rotation":0,"texture":"#0","tintindex":0},"north":{"uv":[7,10.875,7.375,11.75],"rotation":0,"texture":"#0","tintindex":0},"south":{"uv":[9.25,10.875,9.625,11.75],"rotation":0,"texture":"#0","tintindex":0},"up":{"uv":[10,11.75,9.625,10.875],"rotation":0,"texture":"#0","tintindex":0},"west":{"uv":[8.75,0,9.625,0.875],"rotation":0,"texture":"#0","tintindex":0}}},{"name":"leftfoot","from":[7.1066236,-5.910221,2.2434258],"to":[8.906624,0.089779854,4.643426],"rotation":{"angle":22.5,"axis":"x","origin":[8.694824,-10.496986,14.473838]},"faces":{"down":{"uv":[7.375,11.75,7,12.25],"rotation":0,"texture":"#0","tintindex":0},"east":{"uv":[1.375,9.875,1.875,11.125],"rotation":0,"texture":"#0","tintindex":0},"north":{"uv":[7.625,10.25,8,11.5],"rotation":0,"texture":"#0","tintindex":0},"south":{"uv":[8,10.25,8.375,11.5],"rotation":0,"texture":"#0","tintindex":0},"up":{"uv":[5.25,12.25,4.875,11.75],"rotation":0,"texture":"#0","tintindex":0},"west":{"uv":[1.875,9.875,2.375,11.125],"rotation":0,"texture":"#0","tintindex":0}}},{"name":"leftfoot","from":[7.1066236,-5.3984203,-2.5100508],"to":[8.906624,-2.3984203,-0.7100506],"rotation":{"angle":45,"axis":"x","origin":[6.046838,-11.207956,3.3989599]},"faces":{"down":{"uv":[12.25,10.625,11.875,11],"rotation":0,"texture":"#0","tintindex":0},"east":{"uv":[11.5,8,11.875,8.625],"rotation":0,"texture":"#0","tintindex":0},"north":{"uv":[11.5,5.875,11.875,6.5],"rotation":0,"texture":"#0","tintindex":0},"south":{"uv":[11.5,10.25,11.875,10.875],"rotation":0,"texture":"#0","tintindex":0},"up":{"uv":[12.25,10.625,11.875,10.25],"rotation":0,"texture":"#0","tintindex":0},"west":{"uv":[11.5,10.875,11.875,11.5],"rotation":0,"texture":"#0","tintindex":0}}}],"display":{"head":{"translation":[0,-6.4,0],"rotation":[0,0,0],"scale":[3.8095,3.8095,3.8095]}}}
