{"textures":{"0":"modelengine:entity/lumberjack"},"elements":[{"name":"lefthand","from":[6.838514,6.733363,4.4071045],"to":[8.038514,9.733364,8.007105],"rotation":{"angle":0,"axis":"x","origin":[19.316319,-10.289645,18.794415]},"faces":{"down":{"uv":[3.125,11.75,2.875,12.5],"rotation":0,"texture":"#0","tintindex":0},"east":{"uv":[6.875,1.125,7.625,1.75],"rotation":0,"texture":"#0","tintindex":0},"north":{"uv":[1.625,11.875,1.875,12.5],"rotation":0,"texture":"#0","tintindex":0},"south":{"uv":[1.875,11.875,2.125,12.5],"rotation":0,"texture":"#0","tintindex":0},"up":{"uv":[0.25,12.5,0,11.75],"rotation":0,"texture":"#0","tintindex":0},"west":{"uv":[6.25,10.25,7,10.875],"rotation":0,"texture":"#0","tintindex":0}}},{"name":"lefthand","from":[8.038514,6.733363,4.4071045],"to":[10.1385145,9.733364,6.2071047],"rotation":{"angle":0,"axis":"x","origin":[19.316319,-10.289645,18.794415]},"faces":{"down":{"uv":[12.125,7.375,11.625,7.75],"rotation":0,"texture":"#0","tintindex":0},"east":{"uv":[8.875,11.5,9.25,12.125],"rotation":0,"texture":"#0","tintindex":0},"north":{"uv":[4.25,11,4.75,11.625],"rotation":0,"texture":"#0","tintindex":0},"south":{"uv":[5.625,11,6.125,11.625],"rotation":0,"texture":"#0","tintindex":0},"up":{"uv":[12.125,7.375,11.625,7],"rotation":0,"texture":"#0","tintindex":0},"west":{"uv":[11.5,3.125,11.875,3.75],"rotation":0,"texture":"#0","tintindex":0}}},{"name":"lefthand","from":[8.038514,7.3333635,6.807104],"to":[9.838514,9.733364,8.007105],"rotation":{"angle":0,"axis":"x","origin":[19.316319,-10.289645,18.794415]},"faces":{"down":{"uv":[10.5,5.875,10.125,6.125],"rotation":0,"texture":"#0","tintindex":0},"east":{"uv":[8.25,2.625,8.5,3.125],"rotation":0,"texture":"#0","tintindex":0},"north":{"uv":[11.625,9.75,12,10.25],"rotation":0,"texture":"#0","tintindex":0},"south":{"uv":[3.125,11.75,3.5,12.25],"rotation":0,"texture":"#0","tintindex":0},"up":{"uv":[9.125,1.75,8.75,1.5],"rotation":0,"texture":"#0","tintindex":0},"west":{"uv":[5.625,12,5.875,12.5],"rotation":0,"texture":"#0","tintindex":0}}},{"name":"lefthand","from":[8.359922,-2.1480465,5.3215823],"to":[10.159923,18.251953,7.121582],"rotation":{"angle":-45,"axis":"y","origin":[9.259922,8.051954,6.2215824]},"faces":{"down":{"uv":[12.25,8,11.875,8.375],"rotation":0,"texture":"#0","tintindex":0},"east":{"uv":[4.375,0,4.75,4.25],"rotation":0,"texture":"#0","tintindex":0},"north":{"uv":[4.25,4.25,4.625,8.5],"rotation":0,"texture":"#0","tintindex":0},"south":{"uv":[0,4.5,0.375,8.75],"rotation":0,"texture":"#0","tintindex":0},"up":{"uv":[12.25,6.25,11.875,5.875],"rotation":0,"texture":"#0","tintindex":0},"west":{"uv":[0.375,4.5,0.75,8.75],"rotation":0,"texture":"#0","tintindex":0}}},{"name":"lefthand","from":[7.725747,17.878862,4.91561],"to":[10.125746,22.078861,7.31561],"rotation":{"angle":45,"axis":"y","origin":[9.225747,19.978863,5.81561]},"faces":{"down":{"uv":[8.875,11.25,8.375,11.75],"rotation":0,"texture":"#0","tintindex":0},"east":{"uv":[3.75,10.375,4.25,11.25],"rotation":0,"texture":"#0","tintindex":0},"north":{"uv":[3.25,10.375,3.75,11.25],"rotation":0,"texture":"#0","tintindex":0},"south":{"uv":[8.375,10.375,8.875,11.25],"rotation":0,"texture":"#0","tintindex":0},"up":{"uv":[5.25,11.75,4.75,11.25],"rotation":0,"texture":"#0","tintindex":0},"west":{"uv":[10.375,8.125,10.875,9],"rotation":0,"texture":"#0","tintindex":0}}},{"name":"lefthand","from":[7.725747,18.10016,-0.9082475],"to":[10.725746,22.900162,2.8417516],"rotation":{"angle":-45,"axis":"x","origin":[9.085047,23.571003,1.6708105]},"faces":{"down":{"uv":[6.25,10.25,5.625,11],"rotation":0,"texture":"#0","tintindex":0},"east":{"uv":[8.75,5.75,9.5,6.75],"rotation":0,"texture":"#0","tintindex":0},"north":{"uv":[5,9.625,5.625,10.625],"rotation":0,"texture":"#0","tintindex":0},"south":{"uv":[0.75,9.75,1.375,10.75],"rotation":0,"texture":"#0","tintindex":0},"up":{"uv":[10.75,9.75,10.125,9],"rotation":0,"texture":"#0","tintindex":0},"west":{"uv":[1.5,8.875,2.25,9.875],"rotation":0,"texture":"#0","tintindex":0}}},{"name":"lefthand","from":[7.725747,21.27298,0.32149363],"to":[10.725746,26.672977,3.3214936],"rotation":{"angle":0,"axis":"x","origin":[19.316319,-10.289645,18.794415]},"faces":{"down":{"uv":[5.625,10.625,5,11.25],"rotation":0,"texture":"#0","tintindex":0},"east":{"uv":[6.375,9.125,7,10.25],"rotation":0,"texture":"#0","tintindex":0},"north":{"uv":[5.75,9.125,6.375,10.25],"rotation":0,"texture":"#0","tintindex":0},"south":{"uv":[3.25,9.25,3.875,10.375],"rotation":0,"texture":"#0","tintindex":0},"up":{"uv":[3,11.25,2.375,10.625],"rotation":0,"texture":"#0","tintindex":0},"west":{"uv":[3.875,9.25,4.5,10.375],"rotation":0,"texture":"#0","tintindex":0}}},{"name":"lefthand","from":[7.725747,24.753963,-1.5703659],"to":[10.725746,29.553963,1.4296342],"rotation":{"angle":45,"axis":"x","origin":[9.085047,23.42979,1.6920255]},"faces":{"down":{"uv":[11.25,1.375,10.625,2],"rotation":0,"texture":"#0","tintindex":0},"east":{"uv":[9.5,4.125,10.125,5.125],"rotation":0,"texture":"#0","tintindex":0},"north":{"uv":[8.625,9.375,9.25,10.375],"rotation":0,"texture":"#0","tintindex":0},"south":{"uv":[9.5,5.125,10.125,6.125],"rotation":0,"texture":"#0","tintindex":0},"up":{"uv":[11.25,1.375,10.625,0.75],"rotation":0,"texture":"#0","tintindex":0},"west":{"uv":[9.5,7.375,10.125,8.375],"rotation":0,"texture":"#0","tintindex":0}}},{"name":"lefthand","from":[7.1257467,20.74577,3.3169274],"to":[11.325747,27.94577,8.836928],"rotation":{"angle":0,"axis":"x","origin":[19.316319,-10.289645,18.794415]},"faces":{"down":{"uv":[7.75,0,6.875,1.125],"rotation":0,"texture":"#0","tintindex":0},"east":{"uv":[2,4.25,3.125,5.75],"rotation":0,"texture":"#0","tintindex":0},"north":{"uv":[5.375,1.75,6.25,3.25],"rotation":0,"texture":"#0","tintindex":0},"south":{"uv":[0.75,5.75,1.625,7.25],"rotation":0,"texture":"#0","tintindex":0},"up":{"uv":[2.5,8,1.625,6.875],"rotation":0,"texture":"#0","tintindex":0},"west":{"uv":[3.125,4.25,4.25,5.75],"rotation":0,"texture":"#0","tintindex":0}}},{"name":"lefthand","from":[8.869347,21.53601,-4.07296],"to":[9.469347,25.736012,0.7270403],"rotation":{"angle":0,"axis":"x","origin":[19.316319,-10.289645,18.794415]},"faces":{"down":{"uv":[3.875,11.75,3.75,12.75],"rotation":0,"texture":"#0","tintindex":0},"east":{"uv":[6.25,2.25,7.25,3.25],"rotation":0,"texture":"#0","tintindex":0},"north":{"uv":[4.25,0,4.375,1],"rotation":0,"texture":"#0","tintindex":0},"south":{"uv":[4.25,2.125,4.375,3.125],"rotation":0,"texture":"#0","tintindex":0},"up":{"uv":[6.125,12.875,6,12.375],"rotation":0,"texture":"#0","tintindex":0},"west":{"uv":[6.5,3.25,7.5,4.25],"rotation":0,"texture":"#0","tintindex":0}}},{"name":"lefthand","from":[8.869347,24.557682,-4.6728754],"to":[9.469347,28.157684,0.1271236],"rotation":{"angle":22.5,"axis":"x","origin":[9.235046,23.638859,1.6054224]},"faces":{"down":{"uv":[6.125,12.125,6,12.875],"rotation":0,"texture":"#0","tintindex":0},"east":{"uv":[7.75,5.875,8.75,6.75],"rotation":0,"texture":"#0","tintindex":0},"north":{"uv":[2.75,12,2.875,12.875],"rotation":0,"texture":"#0","tintindex":0},"south":{"uv":[5.875,12,6,12.875],"rotation":0,"texture":"#0","tintindex":0},"up":{"uv":[6.875,12.875,6.75,11.875],"rotation":0,"texture":"#0","tintindex":0},"west":{"uv":[7.75,6.75,8.75,7.625],"rotation":0,"texture":"#0","tintindex":0}}},{"name":"lefthand","from":[8.869347,25.411106,-5.8783255],"to":[9.469347,29.611107,-1.0783248],"rotation":{"angle":45,"axis":"x","origin":[9.235046,23.694294,1.6283838]},"faces":{"down":{"uv":[10.375,11.75,10.25,12.75],"rotation":0,"texture":"#0","tintindex":0},"east":{"uv":[7.75,0,8.75,0.875],"rotation":0,"texture":"#0","tintindex":0},"north":{"uv":[2,2.5,2.125,3.375],"rotation":0,"texture":"#0","tintindex":0},"south":{"uv":[6.125,11,6.25,11.875],"rotation":0,"texture":"#0","tintindex":0},"up":{"uv":[8.875,12.75,8.75,11.75],"rotation":0,"texture":"#0","tintindex":0},"west":{"uv":[7.75,0.875,8.75,1.75],"rotation":0,"texture":"#0","tintindex":0}}},{"name":"lefthand","from":[8.869347,19.675957,-4.4339614],