{"textures":{"0":"modelengine:entity/lumberjack"},"elements":[{"name":"leftarm","from":[7.1911936,6.8439155,5.710256],"to":[8.391193,10.443916,8.710256],"rotation":{"angle":22.5,"axis":"x","origin":[11.694986,6.84389,6.444002]},"faces":{"down":{"uv":[3.25,10.625,3,11.25],"rotation":0,"texture":"#0","tintindex":0},"east":{"uv":[9.875,6.625,10.5,7.375],"rotation":0,"texture":"#0","tintindex":0},"north":{"uv":[2.5,7.875,2.75,8.625],"rotation":0,"texture":"#0","tintindex":0},"south":{"uv":[4.375,8.5,4.625,9.25],"rotation":0,"texture":"#0","tintindex":0},"up":{"uv":[4.5,11,4.25,10.375],"rotation":0,"texture":"#0","tintindex":0},"west":{"uv":[10.125,2.375,10.75,3.125],"rotation":0,"texture":"#0","tintindex":0}}},{"name":"leftarm","from":[4.858394,2.7783148,6.0990562],"to":[7.2583942,12.378315,7.899056],"rotation":{"angle":22.5,"axis":"x","origin":[8.1957855,6.84389,6.444002]},"faces":{"down":{"uv":[12,8.625,11.5,9],"rotation":0,"texture":"#0","tintindex":0},"east":{"uv":[2.5,8.625,2.875,10.625],"rotation":0,"texture":"#0","tintindex":0},"north":{"uv":[3.25,6.5,3.75,8.5],"rotation":0,"texture":"#0","tintindex":0},"south":{"uv":[3.75,6.5,4.25,8.5],"rotation":0,"texture":"#0","tintindex":0},"up":{"uv":[12,0.75,11.5,0.375],"rotation":0,"texture":"#0","tintindex":0},"west":{"uv":[2.875,8.625,3.25,10.625],"rotation":0,"texture":"#0","tintindex":0}}},{"name":"leftarm","from":[4.858394,8.778315,7.899056],"to":[7.2583942,12.378315,10.299057],"rotation":{"angle":22.5,"axis":"x","origin":[8.1957855,6.84389,6.444002]},"faces":{"down":{"uv":[3.875,11.25,3.375,11.75],"rotation":0,"texture":"#0","tintindex":0},"east":{"uv":[0.375,10.75,0.875,11.5],"rotation":0,"texture":"#0","tintindex":0},"north":{"uv":[10.625,5.875,11.125,6.625],"rotation":0,"texture":"#0","tintindex":0},"south":{"uv":[0.875,10.75,1.375,11.5],"rotation":0,"texture":"#0","tintindex":0},"up":{"uv":[3.375,11.75,2.875,11.25],"rotation":0,"texture":"#0","tintindex":0},"west":{"uv":[10.75,2,11.25,2.75],"rotation":0,"texture":"#0","tintindex":0}}},{"name":"leftarm","from":[3.058394,6.3816013,6.082526],"to":[4.858394,15.981602,10.882526],"rotation":{"angle":22.5,"axis":"x","origin":[5.618186,6.803978,6.427472]},"faces":{"down":{"uv":[0.375,10.75,0,11.75],"rotation":0,"texture":"#0","tintindex":0},"east":{"uv":[0,2.5,1,4.5],"rotation":0,"texture":"#0","tintindex":0},"north":{"uv":[0,8.75,0.375,10.75],"rotation":0,"texture":"#0","tintindex":0},"south":{"uv":[0.375,8.75,0.75,10.75],"rotation":0,"texture":"#0","tintindex":0},"up":{"uv":[11,5.125,10.625,4.125],"rotation":0,"texture":"#0","tintindex":0},"west":{"uv":[1,2.5,2,4.5],"rotation":0,"texture":"#0","tintindex":0}}}],"display":{"head":{"translation":[0,-6.4,0],"rotation":[0,0,0],"scale":[3.8095,3.8095,3.8095]}}}
