{"textures":{"0":"modelengine:entity/lumberjack"},"elements":[{"name":"rightforearm","from":[7.36529,7.566063,5.217152],"to":[8.56529,11.166063,7.017152],"rotation":{"angle":22.5,"axis":"x","origin":[4.416698,2.1812901,1.0942698]},"faces":{"down":{"uv":[11.25,12,11,12.375],"rotation":0,"texture":"#0","tintindex":0},"east":{"uv":[2.125,11.25,2.5,12],"rotation":0,"texture":"#0","tintindex":0},"north":{"uv":[8.25,11.75,8.5,12.5],"rotation":0,"texture":"#0","tintindex":0},"south":{"uv":[8.5,11.75,8.75,12.5],"rotation":0,"texture":"#0","tintindex":0},"up":{"uv":[11,12.375,10.75,12],"rotation":0,"texture":"#0","tintindex":0},"west":{"uv":[2.5,11.25,2.875,12],"rotation":0,"texture":"#0","tintindex":0}}},{"name":"rightforearm","from":[7.054904,4.2213745,4.531802],"to":[10.654903,6.0213747,8.731802],"rotation":{"angle":0,"axis":"x","origin":[-0.92323637,-12.670594,10.068182]},"faces":{"down":{"uv":[10.25,3.25,9.5,4.125],"rotation":0,"texture":"#0","tintindex":0},"east":{"uv":[10.75,7.625,11.625,8],"rotation":0,"texture":"#0","tintindex":0},"north":{"uv":[11,4.5,11.75,4.875],"rotation":0,"texture":"#0","tintindex":0},"south":{"uv":[1.375,11.125,2.125,11.5],"rotation":0,"texture":"#0","tintindex":0},"up":{"uv":[10.125,3.25,9.375,2.375],"rotation":0,"texture":"#0","tintindex":0},"west":{"uv":[10.75,9,11.625,9.375],"rotation":0,"texture":"#0","tintindex":0}}},{"name":"rightforearm","from":[8.854904,4.2213745,1.5318019],"to":[10.654903,5.421375,4.531802],"rotation":{"angle":0,"axis":"x","origin":[-0.92323637,-12.670594,10.068182]},"faces":{"down":{"uv":[1.375,11.5,1,12.125],"rotation":0,"texture":"#0","tintindex":0},"east":{"uv":[6.125,11.875,6.75,12.125],"rotation":0,"texture":"#0","tintindex":0},"north":{"uv":[5.375,4.375,5.75,4.625],"rotation":0,"texture":"#0","tintindex":0},"south":{"uv":[6.125,5.875,6.5,6.125],"rotation":0,"texture":"#0","tintindex":0},"up":{"uv":[5.625,11.875,5.25,11.25],"rotation":0,"texture":"#0","tintindex":0},"west":{"uv":[7.375,11.875,8,12.125],"rotation":0,"texture":"#0","tintindex":0}}}],"display":{"head":{"translation":[0,-6.4,0],"rotation":[0,0,0],"scale":[3.8095,3.8095,3.8095]}}}
