{"textures":{"0":"modelengine:entity/lumberjack"},"elements":[{"name":"rightfoot","from":[7.0222816,-6.078515,2.0882897],"to":[8.822282,-0.078514576,4.48829],"rotation":{"angle":22.5,"axis":"x","origin":[7.2340817,-10.665281,14.318702]},"faces":{"down":{"uv":[7,11.75,7.375,12.25],"rotation":0,"texture":"#0","tintindex":0},"east":{"uv":[2.375,9.875,1.875,11.125],"rotation":0,"texture":"#0","tintindex":0},"north":{"uv":[8,10.25,7.625,11.5],"rotation":0,"texture":"#0","tintindex":0},"south":{"uv":[8.375,10.25,8,11.5],"rotation":0,"texture":"#0","tintindex":0},"up":{"uv":[4.875,12.25,5.25,11.75],"rotation":0,"texture":"#0","tintindex":0},"west":{"uv":[1.875,9.875,1.375,11.125],"rotation":0,"texture":"#0","tintindex":0}}},{"name":"rightfoot","from":[7.0222816,0.29061127,2.0325742],"to":[8.822282,4.490612,6.2325745],"rotation":{"angle":22.5,"axis":"x","origin":[7.2340817,-6.096155,14.262986]},"faces":{"down":{"uv":[10,10.875,10.375,11.75],"rotation":0,"texture":"#0","tintindex":0},"east":{"uv":[9.625,0,8.75,0.875],"rotation":0,"texture":"#0","tintindex":0},"north":{"uv":[7.375,10.875,7,11.75],"rotation":0,"texture":"#0","tintindex":0},"south":{"uv":[9.625,10.875,9.25,11.75],"rotation":0,"texture":"#0","tintindex":0},"up":{"uv":[9.625,11.75,10,10.875],"rotation":0,"texture":"#0","tintindex":0},"west":{"uv":[9.5,7.625,8.625,8.5],"rotation":0,"texture":"#0","tintindex":0}}},{"name":"rightfoot","from":[7.0222816,-5.5667152,-2.665187],"to":[8.822282,-2.5667148,-0.8651867],"rotation":{"angle":45,"axis":"x","origin":[9.882069,-11.376251,3.2438238]},"faces":{"down":{"uv":[11.875,10.625,12.25,11],"rotation":0,"texture":"#0","tintindex":0},"east":{"uv":[11.875,10.875,11.5,11.5],"rotation":0,"texture":"#0","tintindex":0},"north":{"uv":[11.875,5.875,11.5,6.5],"rotation":0,"texture":"#0","tintindex":0},"south":{"uv":[11.875,10.25,11.5,10.875],"rotation":0,"texture":"#0","tintindex":0},"up":{"uv":[11.875,10.625,12.25,10.25],"rotation":0,"texture":"#0","tintindex":0},"west":{"uv":[11.875,8,11.5,8.625],"rotation":0,"texture":"#0","tintindex":0}}}],"display":{"head":{"translation":[0,-6.4,0],"rotation":[0,0,0],"scale":[3.8095,3.8095,3.8095]}}}
