{"textures":{"0":"modelengine:entity/lumberjack"},"elements":[{"name":"rightarm","from":[7.909142,6.346203,3.7438636],"to":[9.109142,9.946203,6.743864],"rotation":{"angle":22.5,"axis":"x","origin":[6.2414474,0.15316463,5.099762]},"faces":{"down":{"uv":[1.625,11.875,1.375,12.5],"rotation":0,"texture":"#0","tintindex":0},"east":{"uv":[10.125,5.125,10.75,5.875],"rotation":0,"texture":"#0","tintindex":0},"north":{"uv":[4.125,11.625,4.375,12.375],"rotation":0,"texture":"#0","tintindex":0},"south":{"uv":[4.375,11.625,4.625,12.375],"rotation":0,"texture":"#0","tintindex":0},"up":{"uv":[10.25,12.375,10,11.75],"rotation":0,"texture":"#0","tintindex":0},"west":{"uv":[10.125,7.375,10.75,8.125],"rotation":0,"texture":"#0","tintindex":0}}},{"name":"rightarm","from":[9.041942,2.280602,4.1326637],"to":[11.441942,12.480602,5.932664],"rotation":{"angle":22.5,"axis":"x","origin":[9.740648,0.15316463,5.099762]},"faces":{"down":{"uv":[6.125,11.625,5.625,12],"rotation":0,"texture":"#0","tintindex":0},"east":{"uv":[5,7.5,5.375,9.625],"rotation":0,"texture":"#0","tintindex":0},"north":{"uv":[6.125,6.125,6.625,8.25],"rotation":0,"texture":"#0","tintindex":0},"south":{"uv":[2.75,6.5,3.25,8.625],"rotation":0,"texture":"#0","tintindex":0},"up":{"uv":[12,9.75,11.5,9.375],"rotation":0,"texture":"#0","tintindex":0},"west":{"uv":[5.375,7.5,5.75,9.625],"rotation":0,"texture":"#0","tintindex":0}}}],"display":{"head":{"translation":[0,-6.4,0],"rotation":[0,0,0],"scale":[3.8095,3.8095,3.8095]}}}
