{"textures":{"0":"modelengine:entity/lumberjack"},"elements":[{"name":"robotjack","from":[3.1499302,0.27514958,4.43963],"to":[12.74993,2.6751497,6.83963],"rotation":{"angle":0,"axis":"x","origin":[7.97753,-15.08965,8.39483]},"faces":{"down":{"uv":[8.25,1.75,6.25,2.25],"rotation":0,"texture":"#0","tintindex":0},"east":{"uv":[11.125,6.625,11.625,7.125],"rotation":0,"texture":"#0","tintindex":0},"north":{"uv":[5.875,4.375,7.875,4.875],"rotation":0,"texture":"#0","tintindex":0},"south":{"uv":[5.875,4.875,7.875,5.375],"rotation":0,"texture":"#0","tintindex":0},"up":{"uv":[7.875,5.875,5.875,5.375],"rotation":0,"texture":"#0","tintindex":0},"west":{"uv":[11.125,9.75,11.625,10.25],"rotation":0,"texture":"#0","tintindex":0}}},{"name":"robotjack","from":[6.62753,12.360351,5.5724297],"to":[9.62753,14.76035,8.57243],"rotation":{"angle":0,"axis":"x","origin":[7.97753,-15.08965,8.39483]},"faces":{"down":{"uv":[11.125,9.75,10.5,10.375],"rotation":0,"texture":"#0","tintindex":0},"east":{"uv":[10.875,8,11.5,8.5],"rotation":0,"texture":"#0","tintindex":0},"north":{"uv":[10.875,10.875,11.5,11.375],"rotation":0,"texture":"#0","tintindex":0},"south":{"uv":[10.875,8.5,11.5,9],"rotation":0,"texture":"#0","tintindex":0},"up":{"uv":[11.125,7.25,10.5,6.625],"rotation":0,"texture":"#0","tintindex":0},"west":{"uv":[10.875,10.375,11.5,10.875],"rotation":0,"texture":"#0","tintindex":0}}},{"name":"robotjack","from":[5.25593,6.91835,10.01723],"to":[10.65593,12.318351,13.01723],"rotation":{"angle":0,"axis":"x","origin":[7.97753,-15.08965,8.39483]},"faces":{"down":{"uv":[9.875,6.75,8.75,7.375],"rotation":0,"texture":"#0","tintindex":0},"east":{"uv":[8.875,3.5,9.5,4.625],"rotation":0,"texture":"#0","tintindex":0},"north":{"uv":[5.375,3.25,6.5,4.375],"rotation":0,"texture":"#0","tintindex":0},"south":{"uv":[1.625,5.75,2.75,6.875],"rotation":0,"texture":"#0","tintindex":0},"up":{"uv":[9.875,1.5,8.75,0.875],"rotation":0,"texture":"#0","tintindex":0},"west":{"uv":[8.875,4.625,9.5,5.75],"rotation":0,"texture":"#0","tintindex":0}}},{"name":"robotjack","from":[3.45593,7.51835,10.01723],"to":[5.25593,16.51835,11.81723],"rotation":{"angle":0,"axis":"x","origin":[7.97753,-15.08965,8.39483]},"faces":{"down":{"uv":[2.5,12,2.125,12.375],"rotation":0,"texture":"#0","tintindex":0},"east":{"uv":[0.75,7.25,1.125,9.125],"rotation":0,"texture":"#0","tintindex":0},"north":{"uv":[5.75,6.625,6.125,8.125],"rotation":0,"texture":"#0","tintindex":0},"south":{"uv":[1.125,7.25,1.5,9.125],"rotation":0,"texture":"#0","tintindex":0},"up":{"uv":[12.25,11.375,11.875,11],"rotation":0,"texture":"#0","tintindex":0},"west":{"uv":[4.625,7.5,5,9.375],"rotation":0,"texture":"#0","tintindex":0}}},{"name":"robotjack","from":[10.699131,7.51835,10.01723],"to":[12.49913,16.51835,11.81723],"rotation":{"angle":0,"axis":"x","origin":[7.97753,-15.08965,8.39483]},"faces":{"down":{"uv":[2.125,12,2.5,12.375],"rotation":0,"texture":"#0","tintindex":0},"east":{"uv":[5,7.5,4.625,9.375],"rotation":0,"texture":"#0","tintindex":0},"north":{"uv":[6.125,6.625,5.75,8.125],"rotation":0,"texture":"#0","tintindex":0},"south":{"uv":[1.5,7.25,1.125,9.125],"rotation":0,"texture":"#0","tintindex":0},"up":{"uv":[11.875,11.375,12.25,11],"rotation":0,"texture":"#0","tintindex":0},"west":{"uv":[1.125,7.25,0.75,9.125],"rotation":0,"texture":"#0","tintindex":0}}},{"name":"robotjack","from":[2.8559299,6.31835,4.01723],"to":[13.05593,12.318351,10.01723],"rotation":{"angle":0,"axis":"x","origin":[7.97753,-15.08965,8.39483]},"faces":{"down":{"uv":[4.25,0,2.125,1.25],"rotation":0,"texture":"#0","tintindex":0},"east":{"uv":[0.75,4.5,2,5.75],"rotation":0,"texture":"#0","tintindex":0},"north":{"uv":[0,0,2.125,1.25],"rotation":0,"texture":"#0","tintindex":0},"south":{"uv":[0,1.25,2.125,2.5],"rotation":0,"texture":"#0","tintindex":0},"up":{"uv":[4.25,3.375,2.125,2.125],"rotation":0,"texture":"#0","tintindex":0},"west":{"uv":[4.625,4.625,5.875,5.875],"rotation":0,"texture":"#0","tintindex":0}}},{"name":"robotjack","from":[1.1228776,9.783951,4.784816],"to":[4.122878,11.583951,6.584816],"rotation":{"angle":22.5,"axis":"y","origin":[8,8,8]},"faces":{"down":{"uv":[1,11.5,0.375,11.875],"rotation":0,"texture":"#0","tintindex":0},"east":{"uv":[11.5,11.875,11.875,12.25],"rotation":0,"texture":"#0","tintindex":0},"north":{"uv":[11.25,2,11.875,2.375],"rotation":0,"texture":"#0","tintindex":0},"south":{"uv":[11.25,2.375,11.875,2.75],"rotation":0,"texture":"#0","tintindex":0},"up":{"uv":[11.5,11.75,10.875,11.375],"rotation":0,"texture":"#0","tintindex":0},"west":{"uv":[11.875,11.875,12.25,12.25],"rotation":0,"texture":"#0","tintindex":0}}},{"name":"robotjack","from":[11.835602,9.783951,4.802018],"to":[14.835602,11.583951,6.6020184],"rotation":{"angle":-22.5,"axis":"y","origin":[8,8,8]},"faces":{"down":{"uv":[12.125,0,11.5,0.375],"rotation":0,"texture":"#0","tintindex":0},"east":{"uv":[11.875,3,12.25,3.375],"rotation":0,"texture":"#0","tintindex":0},"north":{"uv":[1.375,11.5,2,11.875],"rotation":0,"texture":"#0","tintindex":0},"south":{"uv":[7.625,11.5,8.25,11.875],"rotation":0,"texture":"#0","tintindex":0},"up":{"uv":[12.125,11.875,11.5,11.5],"rotation":0,"texture":"#0","tintindex":0},"west":{"uv":[11.875,3.375,12.25,3.75],"rotation":0,"texture":"#0","tintindex":0}}},{"name":"robotjack","from":[5.25593,0.21337318,6.356822],"to":[10.65593,3.8133733,9.956821],"rotation":{"angle":22.5,"axis":"x","origin":[8,8,8]},"faces":{"down":{"uv":[8.375,8.5,7.25,9.25],"rotation":0,"texture":"#0","tintindex":0},"east":{"uv":[9.625,0,10.375,0.75],"rotation":0,"texture":"#0","tintindex":0},"north":{"uv":[6.625,5.875,7.75,6.625],"rotation":0,"texture":"#0","tintindex":0},"south":{"uv":[6.125,8.375,7.25,9.125],"rotation":0,"texture":"#0","tintindex":0},"up":{"uv":[4.375,9.25,3.25,8.5],"rotation":0,"texture":"#0","tintindex":0},"west":{"uv":[9.875,0.75,10.625,1.5],"rotation":0,"texture":"#0","tintindex":0}}},{"name":"robotjack","from":[4.44473,3.7461736,6.145622],"to":[11.644731,7.346174,10.345623],"rotation":{"angle":22.5,"axis":"x","origin":[8,8,8]},"faces":{"down":{"uv":[6.875,0.875,5.375,1.75],"rotation":0,"texture":"#0","tintindex":0},"east":{"uv":[7,9.25,7.875,10],"rotation":0,"texture":"#0","tintindex":0},"north":{"uv":[2.75,5.75,4.25,6.5],"rotation":0,"texture":"#0","tintindex":0},"south":{"uv":[4.625,5.875,6.125,6.625],"rotation":0,"texture":"#0","tintindex":0},"up":{"uv":[6.875,0.875,5.375,0],"rotation":0,"texture":"#0","tintindex":0},"west":{"uv":[9.25,9.25,10.125,10],"rotation":0,"texture":"#0","tintindex":0}}},{"name":"robotjack","from":[6.59993,-0.32485032,3.83963],"to":[9.59993,1.4751496,8.03963],"rotation":{"angle":0,"axis":"x","origin":[7.97753,-15.08965,8.39483]},"faces":{"down":{"uv":[9.875,10,9.25,10.875],"rotation":0,"texture":"#0","tintindex":0},"east":{"uv":[10.75,2.75,11.625,3.125],"rotation":0,"texture":"#0","tintindex":0},"north":{"uv":[11.25,1.25,11.875,1.625],"rotation":0,"texture":"#0","tintindex":0},"south":{"uv":[11.25,1.625,11.875,2],"rotation":0,"texture":"#0","tintindex":0},"up":{"uv":[7.625,10.875,7,10],"rotation":0,"texture":"#0","tintindex":0},"west":{"uv":[10.75,5.125,11.625,5.5],"rotation":0,"texture":"#0","tintindex":0}}}],"display":{"head":{"translation":[0,-6.4,0],"rotation":[0,0,0],"scale":[3.8095,3.8095,3.8095]}}}
