{"textures":{"0":"modelengine:entity/capra3"},"elements":[{"name":"cube","from":[6.8409977,3.809235,6.8983946],"to":[8.640997,8.009235,9.898394],"rotation":{"angle":0,"axis":"x","origin":[6.517577,29.665024,5.894599]},"faces":{"down":{"uv":[3,12.25,2.625,12.875],"rotation":0,"texture":"#0","tintindex":0},"east":{"uv":[11.5,9.5,12.125,10.375],"rotation":0,"texture":"#0","tintindex":0},"north":{"uv":[0.375,12.125,0.75,13],"rotation":0,"texture":"#0","tintindex":0},"south":{"uv":[4.25,12.125,4.625,13],"rotation":0,"texture":"#0","tintindex":0},"up":{"uv":[3.625,10.625,3.25,10],"rotation":0,"texture":"#0","tintindex":0},"west":{"uv":[0.75,11.625,1.375,12.5],"rotation":0,"texture":"#0","tintindex":0}}},{"name":"cube","from":[5.0409975,0.8092351,6.8983946],"to":[8.640997,3.809235,9.898394],"rotation":{"angle":0,"axis":"x","origin":[6.517577,29.665024,5.894599]},"faces":{"down":{"uv":[2.625,12,1.875,12.625],"rotation":0,"texture":"#0","tintindex":0},"east":{"uv":[12,2.875,12.625,3.5],"rotation":0,"texture":"#0","tintindex":0},"north":{"uv":[11.75,8,12.5,8.625],"rotation":0,"texture":"#0","tintindex":0},"south":{"uv":[10.625,11.875,11.375,12.5],"rotation":0,"texture":"#0","tintindex":0},"up":{"uv":[12.125,12.5,11.375,11.875],"rotation":0,"texture":"#0","tintindex":0},"west":{"uv":[12,5.875,12.625,6.5],"rotation":0,"texture":"#0","tintindex":0}}},{"name":"cube","from":[5.0409975,4.9383974,6.934678],"to":[6.8409977,6.7383976,9.934678],"rotation":{"angle":22.5,"axis":"x","origin":[6.817577,5.965022,8.594599]},"faces":{"down":{"uv":[5.375,12.25,5,12.875],"rotation":0,"texture":"#0","tintindex":0},"east":{"uv":[10.5,6,11.125,6.375],"rotation":0,"texture":"#0","tintindex":0},"north":{"uv":[7.75,6,8.125,6.375],"rotation":0,"texture":"#0","tintindex":0},"south":{"uv":[9,7,9.375,7.375],"rotation":0,"texture":"#0","tintindex":0},"up":{"uv":[3.375,12.875,3,12.25],"rotation":0,"texture":"#0","tintindex":0},"west":{"uv":[10.75,8.625,11.375,9],"rotation":0,"texture":"#0","tintindex":0}}}],"display":{"head":{"translation":[0,-6.4,0],"rotation":[0,0,0],"scale":[3.8095,3.8095,3.8095]}}}
